id,price,title_en,description_en,title_ru,description_ru
return_tickets_5,29,"5 Home Tickets","5 tickets to teleport safely to your village with your loot. Consumed on use.","5 билетов домой","5 билетов для безопасного возвращения в деревню с добычей. Билет расходуется при использовании."
ad_free_week,149,"Rewards Without Ads: 7 Days","Claim rewarded-ad bonuses without watching videos for 7 days. Normal cooldowns and daily limits still apply. No subscription.","Награды без рекламы: 7 дней","7 дней получайте рекламные бонусы без просмотра роликов. Обычные перезарядки и дневные лимиты сохраняются. Без подписки."
gems_80,39,"80 Gems","80 gems for skin chests, companions, village themes and other items in the in-game shop.","80 самоцветов","80 самоцветов для сундуков с обликами, спутников, оформления деревни и других товаров внутриигровой лавки."
gems_250,99,"250 Gems","250 gems for skin chests, companions, village themes and other items in the in-game shop.","250 самоцветов","250 самоцветов для сундуков с обликами, спутников, оформления деревни и других товаров внутриигровой лавки."
gems_650,199,"650 Gems","650 gems for skin chests, companions, village themes and other items in the in-game shop.","650 самоцветов","650 самоцветов для сундуков с обликами, спутников, оформления деревни и других товаров внутриигровой лавки."
gems_1400,399,"1400 Gems","1400 gems for skin chests, companions, village themes and other items in the in-game shop.","1400 самоцветов","1400 самоцветов для сундуков с обликами, спутников, оформления деревни и других товаров внутриигровой лавки."
starter_pack,79,"Starter Pack","120 gems, 5 Home Tickets and the rare Keeper of Ruins skin. Equipping the skin grants +8% health and +4% movement speed. One-time purchase.","Набор новичка","120 самоцветов, 5 билетов домой и редкий облик «Хранитель руин». При экипировке: +8% здоровья и +4% скорости. Одноразовая покупка."
founder_pack,199,"Founder Pack","300 gems, 10 Home Tickets, the Founder title and the epic Foundation Keeper skin. Equipped: +10% production and +20% production capacity. One-time purchase.","Набор основателя","300 самоцветов, 10 билетов домой, титул «Основатель» и эпический облик «Хранитель основания». При экипировке: +10% производства и +20% вместимости производств. Одноразовая покупка."
level_pass,199,"The Keeper's Path","Unlock level 5–50 rewards: 150 gems, 4 skin chests, 2 Home Tickets and the epic Path Champion skin. Rewards require the corresponding level. One-time purchase.","Путь хранителя","Открывает награды уровней 5–50: 150 самоцветов, 4 сундука с обликами, 2 билета домой и эпический облик «Чемпион пути». Нужен соответствующий уровень. Одноразовая покупка."
region_pack_stage_2,99,"Ashen Ruins Pack","120 gems, 3 Home Tickets, 10 crystal, 20 fiber and the epic Ashborn skin. Available after unlocking the Ashen Ruins. One-time purchase.","Набор Пепельных руин","120 самоцветов, 3 билета домой, 10 кристалла, 20 волокна и эпический облик «Рождённый в пепле». Доступен после открытия Пепельных руин. Одноразовая покупка."
legendary_skin_phoenix,149,"Phoenix Lord","Unlock the legendary Phoenix Lord skin. Equipping it grants +25% damage. Permanent unlock; one-time purchase.","Владыка феникса","Легендарный облик «Владыка феникса». При экипировке: +25% урона. Открывается навсегда. Одноразовая покупка."
legendary_skin_titan,149,"Titan Guardian","Unlock the legendary Titan Guardian skin. Equipping it grants +25% maximum health. Permanent unlock; one-time purchase.","Страж титанов","Легендарный облик «Страж титанов». При экипировке: +25% максимального здоровья. Открывается навсегда. Одноразовая покупка."
legendary_skin_astral,149,"Astral Runner","Unlock the legendary Astral Runner skin. Equipping it grants +25% movement speed. Permanent unlock; one-time purchase.","Астральный бегун","Легендарный облик «Астральный бегун». При экипировке: +25% скорости передвижения. Открывается навсегда. Одноразовая покупка."
legendary_skin_worldroot,149,"Worldroot Sage","Unlock the legendary Worldroot Sage skin. Equipping it grants +25% gathering yield. Permanent unlock; one-time purchase.","Мудрец мирового корня","Легендарный облик «Мудрец мирового корня». При экипировке: +25% добычи ресурсов. Открывается навсегда. Одноразовая покупка."
legendary_skin_ruin_king,149,"King of Ruins","Unlock the legendary King of Ruins skin. Equipping it grants +25% village production. Permanent unlock; one-time purchase.","Король руин","Легендарный облик «Король руин». При экипировке: +25% производства деревни. Открывается навсегда. Одноразовая покупка."
